{"cameraMode":{"drawMode":0,"name":"Shaded","section":"Shading Mode"},"sceneLighting":true,"audioPlay":false,"sceneViewState":{"showFog":false,"showMaterialUpdate":false,"showSkybox":false,"showFlares":false,"showImageEffects":false,"showParticleSystems":false},"in2DMode":false,"pivot":{"x":-0.06070512905716896,"y":6.288722991943359,"z":-2.589306354522705},"rotation":{"x":0.24935029447078706,"y":0.0020290075335651638,"z":-0.0005220420425757766,"w":0.9684110879898071},"size":36.396018981933597,"orthographic":false}