{"cameraMode":{"drawMode":0,"name":"Shaded","section":"Shading Mode"},"sceneLighting":false,"audioPlay":false,"sceneViewState":{"showFog":false,"showMaterialUpdate":false,"showSkybox":false,"showFlares":false,"showImageEffects":false,"showParticleSystems":false},"in2DMode":false,"pivot":{"x":-1.026955008506775,"y":0.1278291791677475,"z":-0.2727994918823242},"rotation":{"x":-0.0029516106005758049,"y":-0.17902889847755433,"z":-0.0005371149745769799,"w":0.9838392734527588},"size":5.919093132019043,"orthographic":false}