{"cameraMode":{"drawMode":0,"name":"Shaded","section":"Shading Mode"},"sceneLighting":true,"audioPlay":false,"sceneViewState":{"showFog":false,"showMaterialUpdate":false,"showSkybox":false,"showFlares":false,"showImageEffects":false,"showParticleSystems":false},"in2DMode":false,"pivot":{"x":-0.676728367805481,"y":16.25763702392578,"z":-0.9610989093780518},"rotation":{"x":-0.035992156714200976,"y":-0.0029981350526213648,"z":-0.00010798255243571475,"w":0.9993475675582886},"size":56.286651611328128,"orthographic":false}