{"cameraMode":{"drawMode":0,"name":"Shaded","section":"Shading Mode"},"sceneLighting":true,"audioPlay":false,"sceneViewState":{"showFog":false,"showMaterialUpdate":false,"showSkybox":false,"showFlares":false,"showImageEffects":false,"showParticleSystems":false},"in2DMode":false,"pivot":{"x":-1.557460904121399,"y":4.423403739929199,"z":2.0317020416259767},"rotation":{"x":-0.03733443841338158,"y":-0.09130827337503433,"z":-0.0034256712533533575,"w":0.9951167106628418},"size":15.679814338684082,"orthographic":false}