{"cameraMode":{"drawMode":0,"name":"Shaded","section":"Shading Mode"},"sceneLighting":false,"audioPlay":false,"sceneViewState":{"showFog":false,"showMaterialUpdate":false,"showSkybox":false,"showFlares":false,"showImageEffects":false,"showParticleSystems":false},"in2DMode":false,"pivot":{"x":13.699999809265137,"y":19.600000381469728,"z":0.0},"rotation":{"x":0.08235307782888413,"y":-0.03586996719241142,"z":0.002966002095490694,"w":0.9959530830383301},"size":61.435211181640628,"orthographic":false}