{"cameraMode":{"drawMode":0,"name":"Shaded","section":"Shading Mode"},"sceneLighting":true,"audioPlay":false,"sceneViewState":{"showFog":false,"showMaterialUpdate":false,"showSkybox":false,"showFlares":false,"showImageEffects":false,"showParticleSystems":false},"in2DMode":false,"pivot":{"x":-0.8115549087524414,"y":6.1701812744140629,"z":5.421783447265625},"rotation":{"x":0.08235307782888413,"y":-0.03586996719241142,"z":0.002966002095490694,"w":0.9959530830383301},"size":88.69243621826172,"orthographic":false}