{"cameraMode":{"drawMode":0,"name":"Shaded","section":"Shading Mode"},"sceneLighting":true,"audioPlay":false,"sceneViewState":{"showFog":false,"showMaterialUpdate":false,"showSkybox":false,"showFlares":false,"showImageEffects":false,"showParticleSystems":false},"in2DMode":false,"pivot":{"x":-35.02547836303711,"y":14.367477416992188,"z":28.366863250732423},"rotation":{"x":-0.035992156714200976,"y":-0.0029981350526213648,"z":-0.00010798255243571475,"w":0.9993475675582886},"size":64.65887451171875,"orthographic":false}