{"cameraMode":{"drawMode":0,"name":"Shaded","section":"Shading Mode"},"sceneLighting":true,"audioPlay":false,"sceneViewState":{"showFog":true,"showMaterialUpdate":false,"showSkybox":true,"showFlares":true,"showImageEffects":true,"showParticleSystems":true},"in2DMode":false,"pivot":{"x":-2.2365400791168215,"y":0.19994936883449555,"z":-1.580736756324768},"rotation":{"x":-0.03022202104330063,"y":0.7790471315383911,"z":-0.037664882838726047,"w":-0.6251028776168823},"size":5.707395553588867,"orthographic":false}