{"cameraMode":{"drawMode":0,"name":"Shaded","section":"Shading Mode"},"sceneLighting":true,"audioPlay":false,"sceneViewState":{"showFog":false,"showMaterialUpdate":false,"showSkybox":false,"showFlares":false,"showImageEffects":false,"showParticleSystems":false},"in2DMode":false,"pivot":{"x":0.39648890495300295,"y":20.03095245361328,"z":0.03354782983660698},"rotation":{"x":0.04797901213169098,"y":0.010487519204616547,"z":-0.0005037975497543812,"w":0.9987931847572327},"size":52.64543533325195,"orthographic":false}