{"cameraMode":{"drawMode":0,"name":"Shaded","section":"Shading Mode"},"sceneLighting":true,"audioPlay":false,"sceneViewState":{"showFog":false,"showMaterialUpdate":false,"showSkybox":false,"showFlares":false,"showImageEffects":false,"showParticleSystems":false},"in2DMode":false,"pivot":{"x":-0.1508195400238037,"y":3.2883410453796388,"z":0.025579839944839479},"rotation":{"x":-0.03275081142783165,"y":-0.12113546580076218,"z":-0.003998924978077412,"w":0.9920875430107117},"size":12.444567680358887,"orthographic":false}