{"cameraMode":{"drawMode":0,"name":"Shaded","section":"Shading Mode"},"sceneLighting":true,"audioPlay":false,"sceneViewState":{"showFog":false,"showMaterialUpdate":false,"showSkybox":false,"showFlares":false,"showImageEffects":false,"showParticleSystems":false},"in2DMode":false,"pivot":{"x":-32.4863395690918,"y":17.860532760620118,"z":3.3099465370178224},"rotation":{"x":0.025425635278224946,"y":0.07490517199039459,"z":-0.0019105103565379978,"w":0.9968646764755249},"size":51.69209289550781,"orthographic":false}